{
  "eventos": [
    {
      "id": "1",
      "titulo": "Workshop de Gestão Empresarial",
      "data": "2025-05-20T19:00:00.000Z",
      "descricao": "Workshop focado em estratégias modernas de gestão empresarial, com cases práticos e networking.",
      "categoria": "Workshop",
      "local": "Expominas - Gameleira - Belo Horizonte, Minas Gerais",
      "localmapa": "https://maps.google.com/maps?q=Expominas+Belo+Horizonte",
      "imagem": "/../docs/images/eventos/evento-gestao-empresarial.jpg",
      "vagas": 50,
      "preco": 150
    },
    {
      "id": "2",
      "titulo": "Palestra sobre Liderança",
      "data": "2025-06-10T16:00:00.000Z",
      "descricao": "Palestra sobre desenvolvimento de habilidades de liderança no ambiente corporativo moderno.",
      "categoria": "Palestra",
      "local": "Hotel Business Center - BH",
      "localmapa": "https://maps.google.com/maps?q=Hotel+Business+Center+Belo+Horizonte",
      "imagem": "/../docs/images/eventos/palestra-empresarial.webp",
      "vagas": 100,
      "preco": 80
    },
    {
      "id": "3",
      "titulo": "Hotmart FIRE",
      "data": "2025-06-13T18:00:00.000Z",
      "descricao": "Curso intensivo sobre estratégias de marketing digital e mídias sociais para empresas.",
      "categoria": "Curso",
      "local": "Centro de Convenções - BH",
      "localmapa": "https://maps.google.com/maps?q=Centro+de+Convencoes+Belo+Horizonte",
      "imagem": "/../docs/images/eventos/hotmart-fire.jpeg",
      "vagas": 30,
      "preco": 299.99
    },
    {
      "id": "4",
      "titulo": "Finanças para Startups",
      "data": "2025-07-15T14:00:00.000Z",
      "descricao": "Workshop prático sobre gestão financeira para startups em crescimento, incluindo captação de investimentos e fluxo de caixa.",
      "categoria": "Workshop",
      "local": "San Pedro Valley - Savassi, Belo Horizonte",
      "localmapa": "https://maps.google.com/maps?q=San+Pedro+Valley+Savassi+Belo+Horizonte",
      "imagem": "/../docs/images/eventos/financas-startups.jpg",
      "vagas": 40,
      "preco": 180
    },
    {
      "id": "5",
      "titulo": "ESG na Prática Empresarial",
      "data": "2025-08-22T09:00:00.000Z",
      "descricao": "Seminário sobre implementação de práticas ESG em empresas, com foco em sustentabilidade e governança corporativa.",
      "categoria": "Seminário",
      "local": "CDL-BH - Centro, Belo Horizonte",
      "localmapa": "https://maps.google.com/maps?q=CDL+BH+Centro+Belo+Horizonte",
      "imagem": "/../docs/images/eventos/esg-empresas.png",
      "vagas": 75,
      "preco": 220
    },
    {
      "id": "6",
      "titulo": "Design Thinking & Inovação",
      "data": "2025-09-05T13:30:00.000Z",
      "descricao": "Curso imersivo sobre metodologias ágeis e design thinking para inovação em produtos e serviços.",
      "categoria": "Curso",
      "local": "Le Monde Hub - Funcionários, Belo Horizonte",
      "localmapa": "https://maps.google.com/maps?q=Le+Monde+Hub+Funcionarios+Belo+Horizonte",
      "imagem": "/../docs/images/eventos/design-thinking.jpg",
      "vagas": 35,
      "preco": 280
    },
    {
      "id": "7",
      "titulo": "Vendas B2B Avançado",
      "data": "2025-10-18T15:00:00.000Z",
      "descricao": "Treinamento intensivo em técnicas avançadas de vendas B2B, negociação e gestão de contas-chave.",
      "categoria": "Treinamento",
      "local": "FIEMG - Santa Efigênia, Belo Horizonte",
      "localmapa": "https://maps.google.com/maps?q=FIEMG+Santa+Efigenia+Belo+Horizonte",
      "imagem": "/../docs/images/eventos/vendas-b2b.jpg",
      "vagas": 45,
      "preco": 245
    }
  ],
  "usuarios": [
    {
      "id": "1",
      "login": "admin",
      "senha": "123",
      "nome": "Administrador do Sistema",
      "email": "admin@abc.com",
      "respostas": [
        {
          "question": "Como você avalia nosso produto?",
          "response": "Bom"
        },
        {
          "question": "Como você avalia nosso atendimento?",
          "response": "Bom"
        },
        {
          "question": "Você recomendaria nosso produto para amigos?",
          "response": "Provavelmente"
        }
      ],
      "formularioFeito": "sim"
    },
    {
      "id": "2",
      "login": "admin2",
      "senha": "1234",
      "nome": "Administrador do Sistema2",
      "email": "admin2@abc.com",
      "respostas": [],
      "formularioFeito": "nao"
    }
  ]
}